year,growth_rate,growth_index
2007,7.90000000000001,100
2008,2.3,102
2009,-14.8,97
2010,4.09999999999999,101
2011,5.2,107
2012,0.200000000000003,107
2013,0,107
2014,-6.59999999999999,100
2015,-9.8,90
2016,2.40000000000001,92
2017,2.5,94
2018,3.3,97
